title,harga,terjual,seller
Flashdisk SanDisk Ultra Flair USB 3.0 64GB,Rp100.000,70+ terjual,ELS Computer
SanDisk Ultra Flair USB 3.0 150MB/s Flashdisk CZ73 256GB,Rp336.500,1rb+ terjual,SanDisk Official
SanDisk Ultra Dual Drive Go USB Type C - SDDDC3 512 GB,Rp649.700,,Ridyko Olshop
Flashdisk SanDisk 2gb/4gb/8gb/16gb/32gb/64gb/128gb Flash Drive,Rp21.500,3rb+ terjual,Toko_Haellac
SanDisk Ultra Flair Flashdisk USB 3.0 - SDCZ73,Rp97.300,1 terjual,Ridyko Olshop
Sandisk Ultra Micro SD 128GB 100Mbps CLASS 10 MicroSDXC Original,Rp155.390,10rb+ terjual,
SanDisk Ultra MicroSD 64GB 100MB/s - No Adapter,Rp95.500,10rb+ terjual,SanDisk Official
Sandisk Ultra Micro SD 32GB 100Mbps CLASS 10 MicroSDHC Original,Rp64.330,10rb+ terjual,
Sandisk Micro Sd Ultra Memory Card 512GB 150MB/s 500 512 Gb Original Memori MIni Kamera Camera,Rp511.360,100+ terjual,luxer
Sandisk Ultra Micro SD 256GB 100Mbps CLASS 10 MicroSDXC Original,Rp288.750,100+ terjual,
,,,
,,,
,,,
,,,
,,,
MICRO SD 512GB SANDISK EXTREME 190 MB/S 512GB SDXC 4K CARD MEMORY ,Rp611.000,100+ terjual,luxer
MICRO SD 1TB SANDISK EXTREME 190 MB/S ORIGINAL 1 TB  SDXC CARD MEMORY ORI,Rp1.405.000,100+ terjual,luxer
Sandisk Micro Sd Ultra Memory Card 256GB 150MBps Mini 256 Gb Original,Rp281.060,100+ terjual,luxer
SanDisk Ultra MicroSD 128GB A1 microSDXC UHS-I micro sd - No Adapter,Rp190.500,10rb+ terjual,SanDisk Official
Sandisk Extreme Pro 512GB Micro SD 200 Mbps Memory XDXC UHS-I 512 GB 4K Adaptor Card,Rp788.000,60+ terjual,luxer
SanDisk Ultra MicroSD 256GB A1 microSDXC UHS-I - No Adapter,Rp358.900,7rb+ terjual,SanDisk Official
SanDisk Ultra MicroSD 64GB A1 140MB/s MicroSDXC UHS-I Micro SD,Rp104.500,10rb+ terjual,SanDisk Official
SanDisk Micro SDXC Extreme Pro A2 U3 200MB/s Class 10 UHD 4K - 128GB,Rp300.200,1rb+ terjual,EAONLINE
SanDisk Extreme Pro MicroSD 128GB A2 200MB/s V30 U3 4K,Rp321.500,3rb+ terjual,SanDisk Official
SanDisk Extreme Pro MicroSD 64GB A2 200MB/s V30 U3 4K,Rp180.500,5rb+ terjual,SanDisk Official
"SanDisk Ultra Fit Flashdisk USB 3.1 / 3.2 Gen 1 - SDCZ430 - 16 gb, Hitam",Rp103.700,,Ridyko Olshop
SanDisk Ultra Flair USB 3.0 150MB/s Flashdisk CZ73 512GB,Rp673.500,70+ terjual,SanDisk Official
SanDisk Flash Disk Cruzer Blade USB 2.0 CZ50 16GB - SDCZ50-016G-B35,Rp57.900,250+ terjual,Modern Online Store
SanDisk Ultra Curve Flashdisk USB 3.2 Gen 1 - SDCZ550 64 GB,Rp108.500,,Ridyko Olshop
Flashdisk SanDisk Ultra Flair USB 3.0 128GB,Rp170.000,30+ terjual,ELS Computer
SanDisk Ultra MicroSD 128GB 100MB/s - No Adapter,Rp169.900,10rb+ terjual,SanDisk Official
SanDisk Ultra MicroSD 256GB 100MB/s - No Adapter,Rp304.000,750+ terjual,SanDisk Official
SanDisk High Endurance 64GB 100MB/s MicroSDXC,Rp180.000,2rb+ terjual,SanDisk Official
Micro SD 128GB Sandisk Ultra 100Mb/s MicroSDXC UHS-I - Garansi Resmi,Rp164.800,6rb+ terjual,Doran Gadget
Sandisk Micro Sd 256GB Extreme 190MB/s 4K U3 256 GB Memory HP Samsung,Rp347.800,40+ terjual,luxer
Sandisk Ultra Micro SD 64GB 100Mbps CLASS 10 MicroSDXC Original,Rp88.090,10rb+ terjual,
SanDisk Ultra MicroSD 32GB 100MB/s - No Adapter,Rp71.500,10rb+ terjual,SanDisk Official
Sandisk High Endurance Micro SD Memory Card CCTV 32GB 64GB 128GB 256GB,Rp519.000,2rb+ terjual,digital 3
SanDisk Extreme Pro MicroSD 256GB A2 200MB/s V30 U3 4K,Rp610.000,1rb+ terjual,SanDisk Official
ORIGINAL SANDISK ULTRA MICROSD 16GB/32GB/64GB/128GB GARANSI RESMI,Rp60.700,1rb+ terjual,Multifungsi Online
SanDisk Ultra Luxe Flashdisk USB 3.2 Gen 1 - SDCZ74 - 32 gb,Rp101.800,,Ridyko Olshop
SanDisk Ultra Dual Drive Go USB Type C Flashdisk - SDDDC3 [512 GB],Rp123.145,7 terjual,DistroMart
SanDisk Ultra Eco Flashdisk USB 3.2 Gen 1 - SDCZ96 128GB,Rp192.900,,Ridyko Olshop
Flashdisk Sandisk 16GB CZ50,Rp53.000,10rb+ terjual,Ntl_shop
SanDisk Ultra Dual Drive Micro USB 3.0 64GB - SDDD3-64G,Rp123.900,,Ridyko Olshop
Sandisk MicroSD Extreme Pro A2 U3 200MBps 4K UHD Action Cam - 64GB,Rp169.800,250+ terjual,EAONLINE
SanDisk Extreme MicroSD 256GB A2 190MB/s MicroSDXC UHS-I,Rp476.000,100+ terjual,SanDisk Official
Sandisk Extreme MICROSDHC A1 U3 V30 Class 10 100MBps 32GB - 4K UHD Ac,Rp93.500,250+ terjual,EAONLINE
SANDISK EXTREME MICROSD 256GB 190MB/S - MICROSD EXTREME 256 GB 190 MBPS,Rp366.000,250+ terjual,usblinkcorner
Micro SD SanDisk Ultra 128GB 64GB 140mbps Class 10 Memory Card SDXC,Rp103.000,80+ terjual,StarComp
SanDisk Ultra MicroSD 32GB A1 120MB/s MicroSDHC UHS-I Micro SD,Rp82.500,10rb+ terjual,SanDisk Official
SanDisk High Endurance 128GB 100MB/s MicroSDXC,Rp357.000,1rb+ terjual,SanDisk Official
SANDISK MICROSD ULTRA 512GB 150MB/S CLASS 10 - ORIGINAL,Rp540.000,100+ terjual,usblinkcorner
Sandisk Ultra Micro SD 128GB/256GB/512GB Class 10 Memory Card Sd Card MicroSD,Rp82.000,250+ terjual,Joycc ID
SanDisk Ultra MicroSD 512GB 100MB/s - No Adapter,Rp594.000,250+ terjual,SanDisk Official
MICROSD SANDISK ULTRA 32GB CLASS 10 SPEED 80MBPS (NA),Rp64.200,4rb+ terjual,serunicomp
SanDisk Ultra MicroSDXC UHS-I A1 140MBps - 64GB New,Rp97.000,1rb+ terjual,EAONLINE
Micro SD 32GB Sandisk Ultra 100Mb/s MicroSDHC UHS-I - Garansi Resmi,Rp69.500,7rb+ terjual,Doran Gadget
Micro SD SanDisk Ultra 128GB 64GB 32GB 100mbps Class 10 Memory Card,Rp71.000,100+ terjual,StarComp
SanDisk Extreme Pro MicroSD 256GB 200MB/s Micro SD MicroSDXC 256 RESMI,Rp610.000,250+ terjual,JPCKemang
Micro SD for Drone 128gb Sandisk Extreme Speed 190mbps 4K Support,Rp249.200,100+ terjual,DJI Official Store Surabaya
Micro SD 64GB Sandisk Ultra 100Mb/s MicroSDXC UHS-I - Garansi Resmi,Rp93.200,7rb+ terjual,Doran Gadget
SanDisk Ultra MicroSD 256GB A1 150MB/s MicroSDXC UHS-I Micro SD,Rp358.900,3rb+ terjual,SanDisk Official
SanDisk Ultra Microsd 16GB 80MB/s - No Adapter,Rp67.500,10rb+ terjual,SanDisk Official
microsd card sandisk adapter 4gb-8gb-16gb-32gb-64gb-128 sd card,Rp25.000,1rb+ terjual,WONGSE-WU
Micro Sd CCTV Memory Card SANDISK High Endurance 128 64 256 GB,Rp149.000,250+ terjual,kingsmemory
SanDisk Max Endurance 32GB 100MB/s MicroSDHC,Rp191.000,2rb+ terjual,SanDisk Official
Sandisk MicroSD Extreme Pro 128GB 200MB/s Micro SD 128 MicroSDXC RESMI,Rp345.000,750+ terjual,JPCKemang
MicroSD SanDisk Ultra 16GB 32GB 64GB 128GB Memory Card Class10 Memori,Rp67.800,2rb+ terjual,Vincent 888
MICRO SD 1TB SANDISK EXTREME PRO 200 MB/S ORIGINAL 1 TB MICROSD ORI MINI CAMERA CLASS 10 TERCEPAT,Rp1.787.000,22 terjual,luxer
SanDisk Extreme Pro MicroSD 512GB A2 200MB/s V30 U3 4K,Rp1.499.000,500+ terjual,SanDisk Official
Bcare sandisk 32 / 64 / 128GB Memory Card MicroSD Class10 Kartu Memori,Rp67.000,1rb+ terjual,venus mobile
Micro SD for Drone 128gb Sandisk Extreme Pro Speed 200mbps 4K,Rp308.800,250+ terjual,DJI Official Store Surabaya
SanDisk Ultra MicroSD 120MB/s Memory Card MicroSDXC UHS-I,Rp82.000,250+ terjual,MetashopOnline
Memory Card SanDisk 16GB 32GB 64GB 128GB 256GB 512GB Micro SD Memori,Rp65.100,3rb+ terjual,GearBest Center
Sandisk MicroSD 64GB Micro SD Ultra Class 10 A1 Memory,Rp85.000,100+ terjual,Teknologi CCTV
SANDISK EXTREME PRO MEMORY MICRO SD UHS-I 256GB - MICRO SDHC 256 GB,Rp585.500,500+ terjual,Doran Gadget
Sandisk MicroSD High Endurance 100Mbs 32GB/64GB/128GB/256GB + Adapter,Rp130.000,100+ terjual,Multifungsi
SanDisk Ultra MicroSD 128GB A1 140MB/s MicroSDXC UHS-I Micro SD,Rp190.500,10rb+ terjual,SanDisk Official
Promo Memory Card Sandisk Ultra Micro SD 128GB 64GB 32GB 16GB 8GB,Rp19.900,250+ terjual,Junk Acc
SanDisk Ultra Slider Type-C CZ480 Flash Drive USB 3.2 - 256GB,Rp347.000,60+ terjual,SanDisk Official
Sandisk OTG USB Type-C USB 3.1 Ultra Dual Drive Flash Disk Storage - 32 gb,Rp126.000,250+ terjual,MetashopOnline
SanDisk Ultra Flair USB 3.0 150MB/s Flashdisk CZ73 128GB,Rp174.000,7rb+ terjual,SanDisk Official
SanDisk Cruzer Blade Flashdisk USB 2.0 - SDCZ50 16 GB,Rp74.200,,Ridyko Olshop
Flashdisk Sandisk Cruzer BLADE 16GB USB2.0,Rp58.000,500+ terjual,MajuMandiriComputer
Flashdisk SanDisk 2gb/4gb/8gb/16gb/32gb/64gb/128gb Flash Drive,Rp21.500,3rb+ terjual,Toko_Haellac
SanDisk Ultra Dual Drive Go USB Type C - SDDDC3 128 GB,Rp211.700,,Ridyko Olshop
SanDisk Extreme Pro SDXC UHS-I Card 64GB 4K,Rp236.500,10rb+ terjual,SanDisk Official
SanDisk Ultra Dual Drive Luxe USB Type C 3.1/3.2 Gen 1 - SDDDC4 128 GB,Rp247.400,,Ridyko Olshop
SanDisk Ultra Luxe USB 3.1 Flashdisk CZ74 128GB,Rp200.000,1rb+ terjual,
Micro SD 128GB Sandisk Ultra A1 UHS-I up to 120Mb/s - Garansi Resmi,Rp182.800,2rb+ terjual,Doran Gadget
Memory Sandisk Ultra MMC Microsd Card 2.4.8.16.32.64.128GB Sandisk,Rp18.905,250+ terjual,TOKO_ELEKTRONIC
SANDISK Micro SD Ultra 128GB A1 140MB/S,Rp177.000,250+ terjual,
ORIGINAL SANDISK ULTRA A1 MICROSD 256GB / 512GB / 1TB GARANSI RESMI,Rp358.000,250+ terjual,Multifungsi Online
Micro SD Sandisk Ultra 128GB 120Mbps A1 MicroSDXC Original Merah Abu,Rp177.000,4rb+ terjual,Aquarius Official
SanDisk Ultra Dual Drive Go USB Type C - SDDDC3 32 GB,Rp135.900,,Ridyko Olshop
SanDisk Cruzer Glide 3.0 USB Flash Drive CZ600 64GB - SDCZ600-064G-G35,Rp89.900,40+ terjual,Modern Online Store
SanDisk Ultra Dual Drive Luxe USB Type C 3.1/3.2 Gen 1 - SDDDC4 64 GB,Rp176.800,,Ridyko Olshop
SanDisk Ultra Fit USB 3.1 Flash Drive CZ430 16GB - SDCZ430-016G-G46,Rp87.900,22 terjual,Modern Online Store
SanDisk Ultra Dual Drive Go USB Type C - SDDDC3 256 GB,Rp352.500,,Ridyko Olshop
SanDisk MicroSD Card 32GB Ultra CLASS10 100Mbps - QUNR,Rp66.000,10rb+ terjual,EAONLINE
SanDisk Ultra Microsd 32GB 80MB/s - No Adapter,Rp68.300,3rb+ terjual,CX Shop Official
Memory Card Micro SD Sandisk 128GB CL10 100Mbps Original Garansi Resmi,Rp162.800,5rb+ terjual,Doran Gadget Authorized Store
SanDisk Ultra MicroSD 256GB A1 120Mbps MicroSDXC UHS-I Micro SD,Rp344.000,1rb+ terjual,
Micro SD for Drone 64gb Sandisk Extreme Pro Speed 200mbps 4K Support,Rp176.100,250+ terjual,DJI Official Store Surabaya
Flashdisk Sandisk Cruzer Blade 32GB Flash Disk,Rp56.650,10rb+ terjual,
Sandisk MicroSD Ultra 100Mb/s MicroSDXC UHS-I Micro SD Class10 Resmi,Rp78.000,100+ terjual,Wonderland Store
SanDisk GamePlay Micro SDXC A2 U3 For Mobile Gaming 4K 190MB/s - 256GB,Rp470.000,100+ terjual,SanDisk Official
SanDisk Nintendo Switch 128GB 100MB/s MicroSD,Rp265.000,750+ terjual,SanDisk Official
MicroSD Sandisk Ultra 128GB 100Mb/s Class 10,Rp160.000,750+ terjual,Global Jaya Kom & CCTV
"SanDisk Ultra Luxe USB 3.1 Flash Drive, CZ74 64GB, SDCZ74-064G-G46",Rp125.900,8 terjual,Modern Online Store
SanDisk Ultra Dual Drive Luxe USB Type C 3.1/3.2 Gen 1 - SDDDC4 256 GB,Rp385.400,,Ridyko Olshop
SanDisk Ultra Flair CZ73 64GB USB 3.0 Flash Drive - SDCZ73-064G-G46,Rp99.900,60+ terjual,Modern Online Store
USB Flashdisk SANDISK CRUIZER BLADE 16GB,Rp57.000,50rb+ terjual,Karunia Official Shop
SanDisk Flash Disk Cruzer Blade USB 2.0 CZ50 32GB - SDCZ50-032G-B35,Rp61.900,100+ terjual,Modern Online Store
Micro SD 256GB Sandisk Ultra A1 UHS-I up to 150Mbps - Garansi Resmi,Rp348.700,500+ terjual,Doran Gadget
MicroSD Sandisk Class10 128GB 100mbps non adaptor,Rp159.000,100+ terjual,Komputer Medan Official
SanDisk Max Endurance 64GB 100MB/s MicroSDXC,Rp285.000,100+ terjual,CX Shop Official
SANDISK MICROSD 128GB/ MICRO SD 128 GB HIGH ENDURANCE VIDEO MONITORING,Rp225.000,100+ terjual,usblinkcorner
SanDisk Ultra MicroSD 512GB A1 microSDXC UHS-I - No Adapter,Rp790.000,2rb+ terjual,SanDisk Official
MicroSD Sandisk Class10 128GB 140Mbps (Non Adaptor),Rp175.000,100+ terjual,Komputer Medan Official
SanDisk Ultra MicroSD 32GB/64GB/128GB - 100MB/s No Adapter,Rp80.000,250+ terjual,idos thing
Memory Card MicroSD MIcro SD Sandisk Ultra Class 10 16GB 16 GB 80MBPS,Rp64.900,5rb+ terjual,Doran Gadget
SanDisk Extreme MicroSD 128GB 256GB 512GB 1TB 190MB/s SDXC V30 A2 U3,Rp211.900,90+ terjual,DiBudgetin
Memory Card Micro SD 128GB SanDisk Extreme Pro up to 200Mbps U3 A2 V30,Rp307.700,500+ terjual,Doran Gadget Official Store
SanDisk Ultra Slider Flashdisk USB Type C - SDCZ480 - 64 gb,Rp133.200,,Ridyko Olshop
SanDisk Cruzer Glide 3.0 USB Flash Drive CZ600 16GB - SDCZ600-016G-G35,Rp68.900,90+ terjual,Modern Online Store
OTG Sandisk Dual Drive Go USB Type C 32GB Garansi Resmi,Rp78.000,17 terjual,GW komputer
Sandisk Ultra Curve USB 3.2 Flash Disk CZ550 64GB - SDCZ550-064G-G46,Rp90.900,1 terjual,Modern Online Store
SANDISK FLASHDISK USB 3 OTG TYPE C 64GB /UP TO 130 MB/S,Rp141.900,2rb+ terjual,Karunia Official Shop
SanDisk Ultra MicroSD 128GB 100MBps MicroSDXC Micro SD Garansi Resmi,Rp156.000,750+ terjual,Multifungsi Online
SanDisk Ultra Microsd 128GB 80MB/s - No Adapter,Rp164.000,1rb+ terjual,CX Shop Official
SANDISK ULTRA MICRO SD 32GB 64GB 128GB 100Mb/s CLASS 10 SDHC SDXC,Rp73.000,100+ terjual,Bharata Komputer
Memory Card Micro SD 64GB Sandisk Ultra 100Mbps - Original Bergaransi,Rp92.100,8rb+ terjual,Doran Gadget Authorized Store
memory card micro v-gen Sandisk dll fre16gb 8gb 4gb 2gb 1gb original,Rp15.000,1rb+ terjual,bina shop
SanDisk 256GB ULTRA SPEED Micro SD External tambahan OPPO VIVO SAMSUNG,Rp90.000,60+ terjual,Nirlaba Online Store
SanDisk Extreme 128GB A2 160MB/s MicroSD Card for Mobile Gaming,Rp221.000,250+ terjual,CX Shop Official
Sandisk Micro SD CL10 100Mbps High Endurance Memory Card CCTV,Rp140.900,29 terjual,Doran Gadget Official Bandung
Memory Card Micro SD 32GB Sandisk Ultra Class 10 80Mbps - Ori Garansi,Rp69.500,3rb+ terjual,Doran Gadget Authorized Store
Memory Card Micro SD 64GB Sandisk Ultra UHS-I A1 up to 120Mbps,Rp101.500,1rb+ terjual,Doran Gadget Authorized Store
SanDisk Extreme Pro MicroSD 32GB 100MB/s V30 U3 4K,Rp173.000,3rb+ terjual,SanDisk Official
Micro SD 128GB Sandisk Ultra A1 UHS-I up to 140Mbps - Garansi Resmi,Rp182.800,500+ terjual,Doran Gadget
SanDisk High Endurance 64GB 100MB/s MicroSDXC,Rp171.300,100+ terjual,CX Shop Official
SanDisk Ultra Microsd 64GB 80MB/s - No Adapter,Rp91.500,2rb+ terjual,CX Shop Official
SanDisk Extreme Pro MicroSD 64GB A2 V30 U3 4K,Rp180.500,6rb+ terjual,SanDisk Official
Sandisk  Extreme  Microsd 64GB 170MB/S A2(Pengganti 160MB/S V3/ U3),Rp119.000,250+ terjual,Multifungsi
Sandisk Micro SD 128GB Extreme 190Mbps A2 UHS-I Original Garansi Resmi,Rp249.200,500+ terjual,Doran Gadget
MICRO SD 1TB 150 MB/S SANDISK ULTRA ORIGINAL 1 TB MEMORY CARD ORIGINAL MINI MICROSD CLASS 10,Rp1.150.000,15 terjual,luxer
Sandisk MicroSDXC Extreme V30 A2 U3 4K 1TB Microsd Memory Card Sdcard,Rp1.549.000,100+ terjual,Suyanto//Liberty Game
Memory Card Micro SD Sandisk Ultra 32GB 32 GB Garansi Resmi,Rp69.500,10rb+ terjual,Doran Gadget Official Store
Sandisk MicroSD 128GB Micro SD Ultra Class 10 A1 Memory,Rp145.000,40+ terjual,Teknologi CCTV
Micro SD for Drone 256gb Sandisk Extreme Pro Speed 200mbps 4K,Rp585.500,100+ terjual,DJI Official Store Surabaya
SanDisk Max Endurance 64GB 100MB/s MicroSDXC,Rp296.000,1rb+ terjual,SanDisk Official
Micro SD 64GB Sandisk Ultra A1 UHS-I up to 120Mb/s - Garansi Resmi,Rp101.500,2rb+ terjual,Doran Gadget
"MICRO SD 1.5TB SANDISK ULTRA ORIGINAL MEMORY CARD 1.5 TB MICROSD 1,5TB ORI 150 MB/S 1,5 HP MINI ANDROID KAMERA MINISD",Rp2.071.000,13 terjual,luxer
MicroSD SanDisk 64GB / MicroSD 64GB C10/100 MB Tanpa Adapter,Rp105.000,250+ terjual,Blessing Computer Bali
SanDisk Extreme 128GB A2 MicroSD Card for Mobile Gaming,Rp245.000,4rb+ terjual,SanDisk Official
SanDisk Ultra microSD Card Class 10 64GB SPEED 100MBps,Rp91.000,1rb+ terjual,Ntl_shop
memory Sandisk MicroSD 16gb 32gb 64gb 128gb,Rp55.000,100+ terjual,mellenium jaya
SanDisk Ultra Microsd 64GB 32GB 16GB 80MB/s UHS-1 Class 10 no adaptor,Rp65.550,250+ terjual,HangOn Official Store
Sandisk Extreme Micro SDXC 128Gb 190MB/S - ORIGINAL,Rp242.300,100+ terjual,EAONLINE
Sandisk Ultra Micro SD 2/4/8/16/32/64GB 48Mbps Class 10 MMC Sandisk,Rp16.500,750+ terjual,BATLE_SHOP
Micro SD sandisk 256 gb 256gb ultra A1 class 10 microsd 100mbps mb/s,Rp325.000,100+ terjual,ORIGINALproducts JAKARTA
Sandisk Ultra Microsd 16GB 32GB 64GB 128GB SDXC UHS-I Micro SD Class10,Rp69.500,250+ terjual,Vcom7it
SanDisk Extreme MicroSDXC 128GB 190Mbps A2 UHS-I,Rp242.300,250+ terjual,EAONLINE
SanDisk Ultra Shift USB 3.2 Flash Drive CZ410 64GB - SDCZ410-064G-G46EP,Rp89.900,,Modern Online Store
Sandisk Flash Disk OTG USB-C+USB-A 3.1 Ultra Dual Drive Go SDDDC3,Rp111.860,17 terjual,Tech Island
SanDisk Ultra USB 3.0 CZ48 16GB - SDCZ48-016G-U46,Rp72.900,10 terjual,Modern Online Store
Sandisk Flashdisk 64GB Cruzer Blade CZ50,Rp78.000,100+ terjual,Mantap Baru
Sandisk Ultra Curve USB 3.2 Flash Disk CZ550 256GB - SDCZ550-256G-G46,Rp310.900,1 terjual,Modern Online Store
SanDisk Ultra Dual Drive USB Type C 3.1 Gen 1 - SDDDC2 64 GB,Rp157.000,,Ridyko Olshop
Original Sandisk Flashdisk Type C Dual Drive OTG USB 32GB 64GB 128GB,Rp82.500,100+ terjual,BA Official
SanDisk Ultra Eco Flashdisk USB 3.2 Gen 1 - SDCZ96 64GB,Rp128.400,,Ridyko Olshop
SanDisk Flashdisk Ultra Fit USB 3.1 - 16GB,Rp86.000,250+ terjual,Ridista Official Store
Flashdisk Sandisk Cruzer Glide 3.0 USB Flash Drive CZ600 ALL SIZE - 16 gb,Rp69.000,1 terjual,
Memory 256GB Sandisk Ultra A1 UHS-I up to 150Mbps Micro SD 256 GB,Rp348.700,750+ terjual,Doran Gadget Authorized Store
Micro SD 32GB Sandisk Ultra A1 UHS-I up to 120Mb/s - Garansi Resmi,Rp80.700,1rb+ terjual,Doran Gadget
SanDisk High Endurance 32GB 100MB/s MicroSDHC,Rp146.000,2rb+ terjual,SanDisk Official
SanDisk High Endurance microSDHC Card UHS-I Class 10 U3 V30 64GB,Rp127.000,500+ terjual,ellen olshop
Memory Card SanDisk 16GB 32GB 64GB 128GB 256GB 400GB 512GB Micro SD A1,Rp72.800,100+ terjual,GearBest Center
"SanDisk USB 3.0 Ultra Shift 32GB 64GB 128GB 100MB/s Flashdisk CZ410 - 32 gb, Black",Rp73.800,500+ terjual,Avalogix Mitra Solusi
USB Flashdisk Sandisk Blade 8GB Flash Disk,Rp58.000,50rb+ terjual,Karunia Official Shop
SanDisk Ultra Luxe Type C CZ75 Flash Drive USB 3.2 - 128GB,Rp211.500,30+ terjual,SanDisk Official
Flashdisk SANDISK USB 128GB CRUZER BLADE 2.0 ORIGINAL,Rp145.000,3 terjual,MajuMandiriComputer
SanDisk Ultra Fit USB 3.1 128GB 400MB/s CZ430,Rp182.000,2rb+ terjual,SanDisk Official
SanDisk Extreme MicroSD,Rp130.000,14 terjual,ELS Computer
SanDisk Extreme Pro MicroSD 128GB A2 V30 U3 4K,Rp321.500,6rb+ terjual,SanDisk Official
Sandisk Extreme Pro A2 Microsd 32gb 64gb 128gb 256gb 512gb 1tb,Rp174.900,3rb+ terjual,Kreasindo Online
SanDisk Extreme Pro MicroSD 1TB A2 200MB/s V30 U3 4K,Rp2.999.000,250+ terjual,SanDisk Official
Sandisk Micro SD 64GB Extreme 170Mbps New Original Garansi Resmi,Rp129.500,500+ terjual,Doran Gadget
SanDisk Max Endurance 128GB 100MB/s MicroSDXC,Rp570.000,1rb+ terjual,SanDisk Official
Sandisk Ultra Micro SD UHS-I A1 120MBps ( 32GB ) - QUA4,Rp75.600,1rb+ terjual,EAONLINE
SANDISK MicroSD 64GB 80MBs 100% original,Rp91.500,250+ terjual,CHIPSMART SEMARANG
SanDisk Extreme Pro MicroSD 256GB 512GB 1TB 200MB/s microSDXC UHS-I A2 V30,Rp409.000,90+ terjual,DiBudgetin
Sandisk Ultra Micro SDXC UHS I A1 140Mbps 128GB Class 10 - QUAB,Rp178.700,500+ terjual,EAONLINE
FLASHDISK SANDISK 2GB/4GB/8GB/16GB/32GB/64GB/128GB FLASH DRIVE - 2 gb,Rp21.500,3rb+ terjual,Laris_aksesoris
SanDisk Ultra USB Type-C Flash Drive 32GB 64GB 128GB 256GB CZ460 - 64 gb,Rp130.800,26 terjual,Avalogix Mitra Solusi
FLASHDISK SANDISK 128GB ULTRA FIT CZ43 3.0,Rp279.000,,PT INDO BISMAR
SanDisk Ultra Fit USB 3.1 Flash Drive 32GB 64GB 128GB Flashdisk,Rp92.400,250+ terjual,Avalogix Mitra Solusi
Sandisk Flash Disk Drive Ultra Flair USB3.0 150Mb/s CZ73 Garansi Resmi,Rp89.300,50+ terjual,Wonderland Store
SANDISK MICROSD 128GB EXTREME A2 UP TO 160MB/S,Rp230.000,500+ terjual,usblinkcorner
Micro SD 128GB Sandisk Ultra 100Mb/s MicroSDXC UHS-I - Garansi Resmi,Rp162.900,1rb+ terjual,Doran Gadget Official Store
Memory Card Sandisk Adaptor 4gb 8gb 16gb 32GB 64GB 128GB Micro SD Card,Rp21.755,250+ terjual,TOKO_ELEKTRONIC
SanDisk Limited Edition Extreme MicroSDCard Mobile Gaming UHSI - 128GB,Rp235.400,100+ terjual,EAONLINE
SanDisk Ultra 100MBps microSD Card Class 10 - 32GB - QUNR,Rp66.000,5rb+ terjual,EAONLINE
SANDISK ULTRA 128GB 100MB/S MICROSDXC MICROSD MICRO SD CARD ORIGINAL,Rp163.000,100+ terjual,BTGCOM
Memory Card | Micro SD 128GB SanDisk Ultra A1 up to 140Mbps Class 10,Rp182.800,250+ terjual,Doran Gadget Official Store
MicroSD SanDisk Ultra 32GB,Rp68.500,250+ terjual,Omega Premium Store
SanDisk Ultra MicroSD 1.5TB A1 150MB/s MicroSDXC UHS-I Micro SD,Rp2.445.000,50+ terjual,SanDisk Official
Sandisk Ultra MicroSD SDXC 1TB UHS-1 up to 150MB/s,Rp1.499.000,30+ terjual,Next Game Official
SanDisk Extreme Pro SDXC UHS-I Card 64GB 4K,Rp236.500,10rb+ terjual,SanDisk Official
SANDISK Cruzer Blade USB Flash Drive Flashdisk - 8 gb,Rp53.000,100+ terjual,MetashopOnline
SanDisk Ultra Luxe USB 3.1 Flashdisk CZ74 128GB,Rp200.000,1rb+ terjual,SanDisk Official
Flashdisk Sandisk Cruzer Blade 16GB USB Flash Disk CZ50,Rp54.000,4rb+ terjual,AKA Official
SanDisk Cruzer Glide 3.0 USB Flash Drive CZ600 64GB - SDCZ600-064G-G35,Rp89.900,40+ terjual,Modern Online Store
SanDisk Ultra 100MBps microSDXC Card Class 10 - 128GB - QUNR,Rp159.500,4rb+ terjual,EAONLINE
Micro SD SanDisk 128GB A1 Ultra MicroSDHC Class 10 100MB/s - Resmi,Rp174.000,40+ terjual,Oriloka Shop
SanDisk Ultra SDXC 128GB Class 10 Micro SD 140MB/s,Rp185.000,100+ terjual,ELS Computer
Micro SD SanDisk Ultra microSDHC Card UHS-I Class 10 (80MB/s),Rp70.900,25 terjual,Devro
Sandisk Ultra Micro SD 32GB 100MB/s Class 10 ORIGINAL,Rp73.500,100+ terjual,
Sandisk MicroSDXC 256GB Extreme Pro A2 V30 UHS-1 200MB/s Micro SD,Rp550.000,80+ terjual,Astra Foto
Memory Sandisk Extreme SDHC SDXC Micro SD 32GB 64GB 128GB 160MB/s A2,Rp125.000,30+ terjual,Kamera Gadget Official
Sandisk MicroSD Extreme Pro 64GB 200MB/s Micro SD 64 MicroSDXC RESMI,Rp197.000,250+ terjual,JPCKemang
SanDisk High Endurance 128GB 100MB/s MicroSDXC,Rp337.300,90+ terjual,CX Shop Official
Micro SD Sandisk Ultra  UHS A1 150MBps 16GB 32GB 64GB 128GB 256GB,Rp70.000,13 terjual,Starcomp Purwokerto
Sandisk Ultra MicroSD SDXC 256GB UHS-1 up to 100MB/s,Rp340.000,90+ terjual,Next Game Official
SanDisk Ultra MicroSDXC 64GB 80MB/s MicroSD 64GB Class 10,Rp89.000,90+ terjual,
SanDisk Extreme A2 MicroSD MicroSDXC UHS-I Memory Card,Rp183.600,90+ terjual,MetashopOnline
SanDisk Ultra MicroSD 256GB A1 100MB/s microSDXC UHS-I micro sd,Rp350.000,500+ terjual,CX Shop Official
SanDisk Ultra MicroSD 16GB A1 98MB/s,Rp73.500,10rb+ terjual,SanDisk Official
SanDisk Ultra Microsd 256GB 100MB/s - No Adapter,Rp287.700,30+ terjual,CX Shop Official
Memory 128 GB Micro SD Sandisk 128GB CL10 190MBPS Extreme A2 Original,Rp249.200,100+ terjual,Doran Gadget Authorized Store
MicroSD SanDisk Ultra 16GB 32GB 64GB 128GB 256 GB Memory Card Class10,Rp64.900,50+ terjual,Kedai Comp
SanDisk High Endurance 32GB/64GB/128GB/256GB - MicroSD 100MB/s,Rp140.000,100+ terjual,idos thing
SANDISK MicroSD 128GB 80MBs 100% original,Rp160.000,250+ terjual,chipsmart bandung
SanDisk High Endurance Micro SD 32 GB CL10 - MicroSDHC 1 V30 U3 - ORI,Rp140.900,250+ terjual,Doran Gadget Official Store
Sandisk 512GB 512 GB Ultra 120 mb/s Micro SD SDXC Card A1 UHS-1,Rp543.000,250+ terjual,areahp.com
Memory Card Micro SD 64GB SanDisk Extreme 170Mbps Memori 64gb - Ori,Rp129.500,750+ terjual,Doran Gadget Authorized Store
Memory Card Micro SD 32GB SanDisk High Endurance 100Mbps Ori Garansi,Rp140.900,500+ terjual,Doran Gadget Authorized Store
Micro SD 512GB Sandisk Ultra A1 UHS-I up to 150Mbps - Garansi Resmi,Rp762.000,100+ terjual,Doran Gadget
SanDisk Extreme Pro MicroSD 256GB A2 V30 U3 4K,Rp622.000,1rb+ terjual,SanDisk Official
Sandisk Memory Card MicroSD 64 GB MIcro SD Ultra Class 10 64 GB,Rp108.000,2rb+ terjual,Bardi Jakarta Official
Sandisk Micro SDXC Extreme Pro A2 U3 200Mbps Class 10 128Gb 4K Uhd,Rp300.200,250+ terjual,EAONLINE
Sandisk Ultra Micro SDHC & SDXC 16GB 32GB 64GB 128GB 256GB Card UHS,Rp85.000,50+ terjual,Instaxshop Official
SanDisk Ultra SDXC 64GB Clas 10 Micro SD 140MB/s,Rp105.000,100+ terjual,ELS Computer
Memori Memory Card Micro Sd Microsd SANDISK High Endurance 64GB 64 GB,Rp131.564,250+ terjual,Torsibotik Store
Sandisk MicroSDXC Extreme V30 A2 U3 4K 64GB 128GB 256GB 512GB 1TB,Rp134.000,60+ terjual,Astra Foto
SanDisk Ultra MicroSD 64GB A1 microSDXC UHS-I micro sd - No Adapter,Rp104.500,10rb+ terjual,SanDisk Official
"SANDISK MICROSD EXTREME PRO 128GB 200MB ORI -For Drone, Action Cam, HP",Rp293.000,250+ terjual,VENUSSHOP
MICRO SD 256GB SANDISK EXTREME PRO 200 MB/S 256 GB SDXC 4K CARD MEMORY MICROSD MEMORI HP SAMSUNG XIAOMI 200MBPS,Rp420.180,30+ terjual,luxer
USB Flashdisk SANDISK CRUIZER BLADE( 16GB Blue) - 16 gb,Rp57.000,4rb+ terjual,Karunia Official Shop
SanDisk Ultra Fit USB 3.1 Flash Drive CZ430 16GB - SDCZ430-016G-G46,Rp87.900,22 terjual,Modern Online Store
SanDisk Ultra Shift USB 3.2 100MB/s Flashdisk CZ410 - PURPLE,Rp58.500,100+ terjual,Bakul-IT
"SanDisk Ultra Luxe USB 3.1 Flash Drive, CZ74 64GB, SDCZ74-064G-G46",Rp125.900,8 terjual,Modern Online Store
SanDisk iXpand flash Drive Luxe 128Gb for iPhone & USB type-C devices,Rp749.000,11 terjual,BINTANG TERANG ACCESSORIES
SanDisk OTG 32GB m3.0 USB 3.0 Ultra Dual USB Drive,Rp92.000,7rb+ terjual,SanDisk Official
Sandisk Ultra Curve USB 3.2 Flash Disk CZ550 64GB - SDCZ550-064G-G46,Rp90.900,1 terjual,Modern Online Store
SanDisk Ultra Flair USB 3.0 150MB/s Flashdisk - 32GB,Rp82.000,80+ terjual,MetashopOnline
SanDisk Ultra Shift USB 3.2 Flash Drive CZ410 64GB - SDCZ410-064G-G46EP,Rp89.900,,Modern Online Store
SanDisk Ultra Curve USB 3.2 100MB/s Flashdisk CZ550 32GB,Rp78.500,3rb+ terjual,
SanDisk Ultra Micro SD UHS-I A1 140MBps - 128GB - QUAB,Rp178.700,1rb+ terjual,EAONLINE
SanDisk Ultra MicroSD 1TB 120MB/s microSDXC UHS-I Class 10 A1,Rp1.102.000,23 terjual,DiBudgetin
Sandisk microsd 32GB 64GB 128GB ultra class10 Original,Rp76.800,14 terjual,NEXTCAM OFFICIAL STORE
Sandisk 16GB 32GB 64GB 128GB Memory Card Kartu MicroSD Class 10 A1,Rp65.000,100+ terjual,mansion shopp
MEMORY CARD 64GB SANDISK FREE ADAPTER / MMC MICROSD 64GB CLASS 10,Rp67.200,100+ terjual,AUTOBOT CCTV
SanDisk Ultra USB 3.0 CZ48 16GB - SDCZ48-016G-U46,Rp72.900,10 terjual,Modern Online Store
SANDISK FLASHDISK USB 3 OTG TYPE C 64GB /UP TO 130 MB/S,Rp141.900,2rb+ terjual,Karunia Official Shop
Sandisk Ultra Curve USB 3.2 Flash Disk CZ550 256GB - SDCZ550-256G-G46,Rp310.900,1 terjual,Modern Online Store
Sandisk USB 3.1 Dual Drive Go 32GB 64GB 128GB OTG Type-C Ultra - 128 gb,Rp205.800,250+ terjual,Avalogix Mitra Solusi
SanDisk Ultra Flair CZ73 16GB USB 3.0 Flash Drive - SDCZ73-016G-G46,Rp78.900,60+ terjual,Modern Online Store
"128GB SANDISK ULTRA MICRO SDXC, SDSQUNR, C10,UHS-1,100MB/s R, 100% Ori",Rp156.000,250+ terjual,KOMETINDO_KOMPUTAMA
SanDisk Ultra Microsd 512GB 100MB/s - No Adapter,Rp559.000,7 terjual,CX Shop Official
SANDISK SD Card Camera SDHC 32GB / 64GB CLASS 10 Speed 120Mbps,Rp102.900,1rb+ terjual,Bima Accessories Jakarta
SANDISK MAX Endurance MicroSD 32GB 64GB 128GB 256GB 512GB Resmi,Rp185.900,250+ terjual,Kreasindo Online
SanDisk Ultra MicroSDXC 128GB 120MBps Micro SD Garansi Resmi,Rp170.000,250+ terjual,Multifungsi Online
SanDisk High Endurance microSDHC Card UHS-I Class 10 U3 V30 128GB,Rp205.000,500+ terjual,ellen olshop
Memory Card 256 GB SanDisk Ultra Micro sd Class 10 ORI +Free Adapter,Rp132.500,250+ terjual,GudangElektronik59
SanDisk Ultra MicroSD 128GB A1 100MB/s microSDXC UHS-I micro sd,Rp181.600,3rb+ terjual,CX Shop Official
MicroSD SanDisk Ultra A1 16GB 32GB 64GB 128GB 256GB 512GB Memory Card,Rp78.800,250+ terjual,Vincent 888
SANDISK MicroSD 32GB / 80MBs / original 100% / garansi 5 tahun,Rp67.500,500+ terjual,CM JAYA JOGJA
Flashdisk SanDisk Ultra Dual Drive USB Type-C ALL SIZE Original - 32 gb,Rp122.000,4 terjual,flexi store
SanDisk Ultra Shift USB 3.0 Flash Drive CZ410 32GB - SDCZ410-032G-G46,Rp73.900,30+ terjual,Modern Online Store
SanDisk Ultra Fit USB 3.1 32GB 130MB/s CZ430,Rp92.000,5rb+ terjual,SanDisk Official
SanDisk Ultra USB 3.0 CZ48 32GB - SDCZ48-032G-U46,Rp77.900,40+ terjual,Modern Online Store
Sandisk Dual Drive OTG Type C Go USB 3.1 64GB,Rp129.000,500+ terjual,AKA Official
SANDISK Ultra MicroSD Class10 100Mbps,Rp70.000,11 terjual,Gadget Mart
Memory Card MicroSD SanDisk Ultra 64GB 100MB/s MicroSDXC Micro SD,Rp87.500,12 terjual,NJAtech
SanDisk Ultra MicroSD 128GB A1 140MBPS (NA) microSDXC UHS-I micro sd,Rp176.550,50+ terjual,Megacomp Online
ORIGINAL SANDISK EXTREME PRO MICROSD 64GB 200MB/S A2 MICRO SD ADAPTOR,Rp163.000,50+ terjual,Multifungsi Online
MicroSD Micro SD SanDisk Ultra 16GB 32GB 64GB 128GB CL10 Class 10 RESM,Rp105.000,100+ terjual,Super Laris IT
Microsd Card Sandisk Ultra 16GB/32GB/64GB/128GB/256GB/512GB Original,Rp68.999,250+ terjual,Smartindo CCTV
SanDisk MIcroSd Extreme PRO microSDXCâ„¢ UHS-I 128GB Garansi Resmi,Rp289.000,60+ terjual,Multifungsi
NEW VERSION SanDisk Extreme SSD Portable USB Type C 3.1 500GB 1TB 2TB,Rp1.195.000,2rb+ terjual,Pick88
SanDisk Ultra Microsd 32GB - No Adapter,Rp71.500,10rb+ terjual,SanDisk Official
MicroSD SanDisk 32GB C10/100 MB SDSQUNR-032G-GN3MN,Rp77.000,250+ terjual,Blessing Computer Bali
SanDisk Ultra 64 GB Dual Drive USB Type-C SDDDC2-064G-G46,Rp139.900,20 terjual,Modern Online Store
Sandisk Dual Drive OTG Type C Go USB 3.1 32GB,Rp116.900,250+ terjual,AKA Official
SanDisk Ultra Shift USB 3.0 Flash Drive 128GB,Rp162.900,1 terjual,Modern Online Store
MEMORY CF UNTUK INDUSTRI FANUC SANDISK 2GB + ADAPTOR CF,Rp1.250.000,5 terjual,SRC TOSERBA
SanDisk Ultra Fit USB 3.1 Flash Drive CZ430 32GB - SDCZ430-032G-G46,Rp92.900,60+ terjual,Modern Online Store
SanDisk Ultra MicroSD 64GB A1 100MB/s UHS-I micro sd - No adapter,Rp101.000,2rb+ terjual,CX Shop Official
Sandisk OTG 128GB USB Type-C USB 3.2 Ultra Dual Drive Go,Rp198.200,500+ terjual,CX Shop Official
SanDisk Cruzer Blade USB 2.0 16GB/32GB/64GB/128GB CZ50,Rp58.000,4rb+ terjual,SanDisk Official
SanDisk Ultra Flair USB 3.0 150MB/s Flashdisk CZ73 64GB,Rp100.700,10rb+ terjual,SanDisk Official
SanDisk Ultra Flair USB 3.0 150MB/s Flashdisk CZ73 16GB/32GB/64GB/128GB/256GB/512GB,Rp78.400,2rb+ terjual,SanDisk Official
SanDisk Ultra MicroSDHC 32GB 80MB/s MicroSD 32GB Class 10,Rp74.900,90+ terjual,digital 3
SanDisk Cruzer Blade 128GB CZ50 Flashdisk,Rp147.500,5rb+ terjual,SanDisk Official
SanDisk Ultra Micro SD Card 256GB UHS-I A1 up to 120Mbps,Rp348.700,500+ terjual,Gadget Point Store
Sandisk Extreme MicroSD 128GB 160MB/s Extreme MicroSDHC 128GB UHS-I,Rp278.500,100+ terjual,digital 3
Sandisk OTG 128GB USB Type-C USb 3.2 Ultra Dual Drive Go,Rp207.500,7rb+ terjual,SanDisk Official
Sandisk Ultra Micro SD 128GB 100Mbps CLASS 10 MicroSDXC Original,Rp161.000,1rb+ terjual,Twins Computer
MICROSD 32GB SANDISK SPEED 80MBS ORIGINAL 100%,Rp67.500,1rb+ terjual,CHIPSMART SEMARANG
SanDisk Extreme Pro SDXC UHS-I Card 64GB 4K,Rp236.500,10rb+ terjual,SanDisk Official
SanDisk Ultra SDHC Card class 10 32GB - GARANSI RESMI,Rp91.500,7rb+ terjual,SanDisk Official
Sandisk Ultra MicroSDXC Card Memory Micro Sd UHS-1 1Tb Class 10 1 Tb,Rp1.299.000,50+ terjual,Suyanto//Liberty Game
SanDisk Ultra A1 MicroSD 120MB/s Memory Card,Rp95.000,250+ terjual,
SanDisk Extreme SDXC UHS-I Card 64GB 170MB/s,Rp169.500,5rb+ terjual,SanDisk Official
SanDisk High Endurance microSDHC Card Class 10 U3 V30 (100MB/s) 64GB,Rp134.200,15 terjual,Jakartanotebook Yogyakarta
Sandisk OTG 256GB USB Type-C USb 3.2 Ultra Dual Drive Go,Rp365.000,2rb+ terjual,SanDisk Official
SanDisk Cruzer Blade 64GB CZ50 Flashdisk,Rp79.500,10rb+ terjual,SanDisk Official
SanDisk Ultra MicroSD 128GB 100MB/s CLASS 10- GARANSI RESMI-ORIGINAL,Rp164.000,80+ terjual,HND COMPUTER MAKASSAR
Sandisk Extreme 1TB / 512GB / 256GB / 128GB microSDXC A2 V30 160MB,Rp299.000,50+ terjual,Konten Gear
Sandisk Ultra MicroSD 256GB A1 100MB/s microSDXC UHS I micro sd A1,Rp314.000,50+ terjual,clickclickbdg
SanDisk iXpand Flip 128GB USB 3.1 Flash Drive for iPhone iPad,Rp524.000,1rb+ terjual,SanDisk Official
SanDisk Ultra SDHC Card 80MB/s class 10 16GB,Rp75.000,3rb+ terjual,SanDisk Official
SanDisk Ultra Microsd 128GB 100MB/s - No Adapter,Rp157.500,250+ terjual,Fenix Gadget
SANDISK Extreme PRO MicroSDXC 256GB 200 MB/s | UHS-1 C10 U3 V30 A2 4K,Rp535.000,250+ terjual,Amperis Gadget
SANDISK Memory Card Ultra MicroSD 16gb 32gb 64gb 128gb 100MBps,Rp69.000,70+ terjual,tokogracie
Memory Micro Sandisk 512GB Official For Nintendo Switch(Tom Nook ACNH),Rp790.000,9 terjual,Multi Game Indonesia
Micro SD SanDisk 64GB A1 Ultra MicroSDHC Class 10 100MB/s - Resmi,Rp96.000,30+ terjual,Oriloka Shop
SanDisk Extreme Memory MicroSD 32 / 64 / 128 / 256GB A2 MicroSDXC Card,Rp122.550,17 terjual,HangOn Official Store
Sandisk Ultra MicroSD SDXC 512GB UHS-1 up to 120MB/s,Rp699.000,40+ terjual,Next Game Official
Memory Card SanDisk Extreme 32GB 64GB 128GB 256GB 400GB 512GB Micro SD,Rp252.800,90+ terjual,GearBest Center
SanDisk Ultra Microsd 64GB - No Adapter,Rp95.500,10rb+ terjual,SanDisk Official
Micro sd sandisk 256gb 256 gb ultra class 10 microsd 100mb,Rp340.000,2rb+ terjual,AGEN MEMORY
SANDISK Extreme PRO SDXC 256GB 200MB/s UHS-1 C10 U3 V30 UHD 4K,Rp805.000,29 terjual,Amperis Gadget
Sandisk Ultra Curve USB 3.2 Flash Disk CZ550 128GB - SDCZ550-128G-G46,Rp157.900,,Modern Online Store
SanDisk Ultra MicroSD 64GB - No Adapter,Rp90.900,4 terjual,Lumin Smart Home
SanDisk Ultra USB 3.0 CZ48 64GB - SDCZ48-064G-U46,Rp95.900,21 terjual,Modern Online Store
MicroSDHC SanDisk Ultra UHS-1 A1 16GB Up To 98MB/s Non Adapter,Rp74.500,500+ terjual,Karunia Official Shop
MicroSDHC SanDisk Ultra UHS-1 A1 32GB Up To 98MB/s Non Adapter,Rp82.500,1rb+ terjual,Karunia Official Shop
Sandisk Ultra Curve USB 3.2 Flash Disk CZ550 128GB - SDCZ550-128G-G46,Rp157.900,,Modern Online Store
Flashdisk Sandisk Ultra Fit 64GB USB 3.1 Flash Disk Original Flasdisk,Rp104.900,750+ terjual,AKA Official
SanDisk Ultra USB 3.0 CZ48 64GB - SDCZ48-064G-U46,Rp95.900,21 terjual,Modern Online Store
Flashdisk OTG Sandisk Ultra Dual Drive USB Type-C 128GB,Rp213.000,100+ terjual,AKA Official
SanDisk Cruzer Blade 16GB CZ50 Flashdisk,Rp58.000,50rb+ terjual,SanDisk Official
Sandisk Memory Card Micro SD Ultra High Speed Original,Rp69.000,500+ terjual,DoubleDuck
SanDisk EXTREME SDXC Card Class 10 V30 U3 170MBps - 64GB For 4K,Rp159.700,500+ terjual,EAONLINE
microsd sandisk 32gb memory card micro sd original,Rp79.999,100+ terjual,sandiskbalikpapanoriginal
SanDisk Limited Edition Extreme MicroSDCard for MobileGaming UHSI-32GB,Rp93.500,250+ terjual,
SanDisk Ultra USB 3.0 128GB,Rp164.900,6 terjual,Modern Online Store
SanDisk Portable SSD E30 1TB USB 3.2,Rp1.582.000,1rb+ terjual,SanDisk Official
SanDisk Ultra Shift USB 3.2 Flash Drive CZ410 64GB Purple - SDCZ410-064G-G46CO,Rp89.900,,Modern Online Store
Flashdisk Sandisk Ultra 32GB,Rp77.100,250+ terjual,AKA Official
SanDisk Ultra Luxe USB 3.1 Flash Drive CZ74 32GB - SDCZ74-032G-G46,Rp109.900,40+ terjual,Modern Online Store
Sandisk Micro SD Card 128GB Extreme Pro 200 MB/s A2 4K 128 GB Original,Rp272.600,18 terjual,luxer
Sandisk OTG 64GB USB Type-C USb 3.1 Ultra Dual Drive Go,Rp132.500,10rb+ terjual,SanDisk Official
SanDisk Cruzer Blade 32GB CZ50 Flashdisk,Rp61.900,10rb+ terjual,SanDisk Official
Micro SD Sandisk Ultra 64GB 120Mbps A1 MicroSDXC Original Merah Abu,Rp100.250,2rb+ terjual,Aquarius Official
Memory 128GB Sandisk Ultra A1 UHS-I up to 140Mbps Micro SD 128 GB,Rp182.800,500+ terjual,Doran Gadget Authorized Store
Kartu Memori Sandisk Ultra 16/32/64/128/256/512GB MicroSD Class10,Rp66.800,250+ terjual,CCTV_Kamera
SanDisk Extreme MicroSD 512GB A2 190MB/s MicroSDXC UHS-I,Rp1.325.000,100+ terjual,SanDisk Official
"32GB SANDISK ULTRA MICRO SDHC, SDSQUNR, C10, UHS-1,100MB/s R, 100% Ori",Rp64.500,250+ terjual,KOMETINDO_KOMPUTAMA
Memory Card Sandisk 128GB Class10 Garansi MicroSD Card Sandisk 128GB ,Rp30.000,70+ terjual,Mutiara-Cell
SanDisk Ultra Flair USB 3.0 150MB/s Flashdisk CZ73 128GB,Rp174.000,7rb+ terjual,SanDisk Official
Flashdisk SanDisk Cruzer Glide USB 3.0 256GB,Rp297.900,6 terjual,AKA Official
SanDisk Cruzer Glide 3.0 USB Flash Drive CZ600 32GB - SDCZ600-032G-G35,Rp73.900,30+ terjual,Modern Online Store
Flashdisk Sandisk Cruzer Blade 8GB USB Flash Disk CZ50,Rp58.000,5rb+ terjual,AKA Official
SanDisk Ultra Shift USB 3.0 Flash Drive CZ410 64GB - SDCZ410-064G-G46,Rp89.900,21 terjual,Modern Online Store
Flashdisk Sandisk Cruzer Blade 64GB Hitam,Rp79.000,750+ terjual,AKA Official
SanDisk Ultra MicroSD 64GB 100MB/s CLASS 10 - GARANSI RESMI-ORIGINAL,Rp95.000,90+ terjual,HND COMPUTER MAKASSAR
Sandisk MicroSDXC Extreme Pro 512GB V30 A2 U3 4K (200MB/s) 512 GB,Rp1.025.000,100+ terjual,Astra Foto
SanDisk Ultra MicroSD 32GB 64GB 128GB 100MB/s CL10 Micro SD microSDXC,Rp70.406,1rb+ terjual,MSL Gadget
SD Card Sandisk Extreme SDHC SDXC 32GB 64GB 128GB 256GB up 180Mbps,Rp117.500,500+ terjual,Doran Gadget
SanDisk Extreme PRO A2 MicroSD UHS-I Memory Card Micro SDXC,Rp168.000,29 terjual,MetashopOnline
SanDisk Extreme Pro SDXC UHS-I Card 128GB 200MB/s,Rp494.000,2rb+ terjual,SanDisk Official
Sandisk Ultra 128Gb 64Gb 32Gb 16Gb 8Gb Micro SD Card up to 120Mbps Ori,Rp42.000,500+ terjual,Sebastian16
SanDisk Ultra Microsd 16GB 80MB/s - No Adapter,Rp64.200,1rb+ terjual,CX Shop Official
Memory SD Card + Adaptor 64GB MMC Sandisk Micro SD Card 32GB,Rp25.000,100+ terjual,MTC BIKE
SanDisk Ultra Micro SD Card 128GB UHS-I A1 up to 120Mbps,Rp182.800,1rb+ terjual,Gadget Point Store
SanDisk Flash Disk Cruzer Blade USB 2.0 CZ50 64GB - SDCZ50-064G-B35,Rp78.900,100+ terjual,Modern Online Store
Flashdisk Sandisk Sandisk Ultra Curve Flashdrive USB 3.2 32GB,Rp74.000,6 terjual,AKA Official
SanDisk Flash Disk Cruzer Blade USB 2.0 CZ50 8GB,Rp56.900,40+ terjual,Modern Online Store
Flashdisk Sandisk Ultra Flair 16GB,Rp75.000,750+ terjual,AKA Official
SanDisk Ultra Dual Drive Go USB Type-CTM Flash 64GB - SDDDC3-064G-G46,Rp130.900,4 terjual,Modern Online Store
SD Card Sandisk Ultra SDHC SDXC 16GB 32GB 64GB 128GB 256GB up 150Mbps,Rp77.700,750+ terjual,Doran Gadget
SanDisk Extreme Pro MicroSD 32GB A1 100MB/s V30 U3 4K MicroSDHC,Rp166.000,40+ terjual,mmcroxy
SanDisk 256GB microSDXC xtreme V30 A2 U3 4K 190MB/s SDSQXAV,Rp350.000,11 terjual,dapurpc
Memory Card MicroSD MIcro SD Sandisk Ultra Class 10 128GB 128 GB A1,Rp173.000,10rb+ terjual,AGEN MEMORY
Sandisk OTG 256GB USB Type-C USB 3.2 Ultra Dual Drive Go,Rp350.000,250+ terjual,CX Shop Official
SanDisk Extreme Portable SSD E61 V2 1TB 1050MB/s USB 3.2,Rp1.930.000,3rb+ terjual,SanDisk Official
SanDisk Ultra MicroSD 128GB 100MBps MicroSDXC Micro SD Garansi Resmi,Rp156.000,100+ terjual,Multifungsi
SanDisk Ultra MicroSD 64GB A1 - 120 MB/s - Garansi RESMI - Original,Rp98.000,70+ terjual,HND COMPUTER MAKASSAR
Memory Sandisk Extreme SDXC Micro SD 256GB 400GB 512GB 160MB/s A2 C10,Rp125.000,12 terjual,Kamera Gadget Official
SanDisk Ultra MicroSD 32GB A1 microSDHC UHS-I micro sd - No Adapter,Rp82.500,10rb+ terjual,SanDisk Official
SANDISK MicroSD 16GB / ultra / 80MB/s / original / garansi 5 tahun,Rp63.500,1rb+ terjual,chipsmart bandung
Memory Card Micro SD 32GB Sandisk Max Endurance UHS-I V30 100Mbps,Rp187.900,100+ terjual,Doran Gadget Authorized Store
Sandisk Micro SD 256GB Extreme 190Mbps UHS-I Original Garansi Resmi,Rp456.000,100+ terjual,Doran Gadget
Micro SD Sandisk Extreme 32GB 64GB 128GB 256GB 512GB UHS-I Microsd,Rp120.000,12 terjual,Mano Kamera
"140MB/s R, 128GB SDSQUAB SANDISK ULTRA MICRO SD, 100% ORIGINAL RESMI",Rp177.500,100+ terjual,KOMETINDO_KOMPUTAMA
SanDisk Ultra Microsd 128GB - No Adapter,Rp169.900,10rb+ terjual,SanDisk Official
Memory Card MicroSD MIcro SD Sandisk Ultra Class 10 64GB 64 GB 80MB,Rp90.000,10rb+ terjual,AGEN MEMORY
Sandisk OTG 512GB USB Type-C USb 3.1 Ultra Dual Drive Go,Rp683.000,750+ terjual,SanDisk Official
SanDisk Ultra Micro SD 64GB Class 10 A1 100MB/S MicroSD SDXC 64 GB,Rp109.000,100+ terjual,digital 3
MicroSD SanDisk Extreme Pro 32GB 64GB 128GB 4K A2 U3 Memory Card,Rp169.000,17 terjual,Kedai Comp
SD Card Sandisk Extreme Pro 32GB 64GB 128GB 256GB 512GB up to 200Mbps,Rp164.200,250+ terjual,Doran Gadget
SANDISK EXTREME PRO MICRO SD 32GB SDHC 100MB |MicroSD 32gb extreme pro,Rp165.000,100+ terjual,FJ COM
MICROSD SANDISK EXTREME PRO SDSQXCD 128GB 200/90Mbps,Rp299.000,30+ terjual,Komputer Medan Official
SanDisk Ultra SDXC Card class 10 64GB - GARANSI RESMI,Rp131.500,6rb+ terjual,SanDisk Official
SanDisk Ultra SDXC Card class 10 128GB - GARANSI RESMI,Rp252.000,2rb+ terjual,SanDisk Official
Sandisk Ultra A1 Micro SD Kartu SD 16GB 32GB 64GB 128GB 256GB 512GB,Rp80.000,30+ terjual,Mano Kamera
MICROSD CARD SANDISK 32/64/128/256 GB ULTRA CLASS 10 80MBPS,Rp74.500,250+ terjual,tokohokimurah
SD Card SanDisk Ultra 128GB 64GB 32GB 100MBps SDXC UHS-I SDCard,Rp82.000,40+ terjual,StarComp
Sandisk Micro SD SDXC 128GB Extreme 190 MB/s 4K 128 GB Memory Card A2,Rp210.560,19 terjual,luxer
Sandisk MicroSDXC Extreme 256GB V30 A2 U3 4K Memory Card Kamera & HP,Rp399.000,100+ terjual,Astra Foto
Memory Card MicroSD MIcro SD Sandisk Ultra Class10 128GB 128 GB,Rp159.000,3rb+ terjual,AGEN MEMORY
SanDisk Ultra MicroSD 100MB/s Memory Card MicroSDHC MicroSDXC UHS-I,Rp75.000,100+ terjual,MetashopOnline
Memory Sandisk Micro SD 128GB 64GB 32GB 16GB Class 10,Rp60.000,30+ terjual,DUNIA_SHOPP
Sandisk Micro SD 120mbps 32/64/128/256 GB Kartu Memory HP Original,Rp142.900,5 terjual,WIA Official
MicroSD SanDisk Extreme 32GB 64GB 128GB 256GB 4K A2 V30 U3 Memory Card,Rp135.800,250+ terjual,Vincent 888
Flashdisk Sandisk Ultra Flair 32GB,Rp82.600,750+ terjual,AKA Official
SanDisk Ultra Flair 128GB USB 3.0 Flash Drive SDCZ73-128G-G46,Rp172.900,5 terjual,Modern Online Store
Flashdisk OTG Sandisk Ultra Dual Drive USB Type-C 64GB,Rp140.000,250+ terjual,AKA Official
SanDisk Ultra Flair CZ73 32GB USB 3.0 Flash Drive - SDCZ73-032G-G46,Rp84.900,70+ terjual,Modern Online Store
Flashdisk SanDisk Cruzer Glide USB 3.0 128GB,Rp159.900,250+ terjual,AKA Official
